{"accuracy": 0.8353251462952279, "precision": 0.83684865330454, "recall": 0.8353251462952279, "f1": 0.8351193093473033, "confusion_matrix": [[3799, 414, 243], [298, 3567, 247], [312, 484, 2769]]}